{"cameraMode":{"drawMode":0,"name":"Shaded","section":"Shading Mode"},"sceneLighting":true,"audioPlay":false,"sceneViewState":{"m_AlwaysRefresh":false,"showFog":true,"showSkybox":true,"showFlares":true,"showImageEffects":true,"showParticleSystems":true,"showVisualEffectGraphs":true,"m_FxEnabled":true},"in2DMode":false,"pivot":{"x":60.019901275634769,"y":-4.804775238037109,"z":29.054187774658204},"rotation":{"x":0.3455372154712677,"y":-0.0028206531424075367,"z":0.001037826295942068,"w":0.938411295413971},"size":54.562416076660159,"orthographic":false}